gauge_id,gauge_name,gauge_lat,gauge_lon,country,basin_name,area,unit_area,streamflow_period,streamflow_missing,streamflow_units,source,license,note
aus_vic_230100,Maribyrnong River at Darraweit,-37.4103,144.9023,AUS,Maribyrnong,682.7,km2,2004-01-01/2025-12-29,0.317,mm/d,"Melbourne Water (api.melbournewater.com.au), Station 230100A",Creative Commons Attribution 4.0,Upper Maribyrnong mainstem; flow recorded from 1996.
aus_vic_230211,Maribyrnong River at Clarkefield,-37.4662,144.744,AUS,Maribyrnong,177.9,km2,2008-08-09/2026-01-15,0.2749,mm/d,"Melbourne Water (api.melbournewater.com.au), Station 230211A",Creative Commons Attribution 4.0,Upper Maribyrnong mainstem; flow recorded from 2008.
aus_vic_230104,Maribyrnong River at Sunbury,-37.5833,144.742,AUS,Maribyrnong,406.7,km2,2004-01-01/2026-02-22,0.0656,mm/d,"Melbourne Water (api.melbournewater.com.au), Station 230104A",Creative Commons Attribution 4.0,Mid-upper Maribyrnong mainstem; flow recorded from 1996.
aus_vic_230107,Konagaderra Creek at Konagaderra,-37.5285,144.856,AUS,Maribyrnong,682.7,km2,2004-01-01/2025-12-14,0.4673,mm/d,"Melbourne Water (api.melbournewater.com.au), Station 230107A",Creative Commons Attribution 4.0,Konagaderra Creek tributary of Maribyrnong; flow from 1996.
aus_vic_230200,Maribyrnong River at Keilor,-37.72770609,144.8364761,AUS,Maribyrnong,1305.4,km2,1908-02-02/2026-02-21,0.1539,mm/d,"Victorian Water Monitoring (data.water.vic.gov.au), Station 230200",Creative Commons Attribution 4.0,Artificial crump weir; 586 gaugings 1908-2025
aus_vic_230106,Maribyrnong River at Chifley Drive,-37.7659,144.895,AUS,Maribyrnong,1413.6,km2,2004-06-19/2026-01-13,0.9666,mm/d,"Melbourne Water (api.melbournewater.com.au), Station 230106A",Creative Commons Attribution 4.0,"Tidal influence: flow only reliable above ~1 m water level (>16,520 ML/day). Lower readings are absent/unreliable."
aus_vic_230210,Jacksons Creek at Bullengarook,-37.47184802,144.5243124,AUS,Maribyrnong,154.1,km2,1970-01-01/2026-02-21,0.0,mm/d,"Victorian Water Monitoring (data.water.vic.gov.au), Station 230210",Creative Commons Attribution 4.0,Upper Jacksons Creek (major Maribyrnong tributary); discharge from 1970.
aus_vic_230206,Jackson Creek at Gisborne,-37.47537048,144.5724432,AUS,Maribyrnong,154.1,km2,1960-05-10/2026-02-21,0.0,mm/d,"Victorian Water Monitoring (data.water.vic.gov.au), Station 230206",Creative Commons Attribution 4.0,Jacksons Creek at Gisborne township; discharge from 1960.
aus_vic_230202,Jackson Creek at Sunbury,-37.58321737,144.7420356,AUS,Maribyrnong,406.7,km2,1960-01-01/2026-02-21,0.0,mm/d,"Victorian Water Monitoring (data.water.vic.gov.au), Station 230202",Creative Commons Attribution 4.0,Jacksons Creek near Maribyrnong confluence at Sunbury; discharge from 1960.
aus_vic_230205,Deep Creek at Bulla,-37.631372,144.8009737,AUS,Maribyrnong,876.1,km2,1960-01-01/2026-02-21,0.0,mm/d,"Victorian Water Monitoring (data.water.vic.gov.au), Station 230205",Creative Commons Attribution 4.0,Deep Creek tributary downstream of Emu Creek Junction; discharge from 1960.
aus_vic_230209,Barringo Creek at Barringo,-37.41050387,144.6260551,AUS,Maribyrnong,109.9,km2,1970-01-01/2026-02-21,0.0,mm/d,"Victorian Water Monitoring (data.water.vic.gov.au), Station 230209",Creative Commons Attribution 4.0,Barringo Creek upstream of diversion works; discharge from 1970.
aus_vic_230213,Turritable Creek at Mount Macedon,-37.41890497,144.5848096,AUS,Maribyrnong,109.9,km2,1980-01-01/2026-02-21,0.0,mm/d,"Victorian Water Monitoring (data.water.vic.gov.au), Station 230213",Creative Commons Attribution 4.0,Turritable Creek headwater at Mount Macedon; discharge from 1980.
aus_vic_230227,Main Creek at Kerrie,-37.39612106,144.6603949,AUS,Maribyrnong,177.9,km2,1990-01-01/2026-02-21,0.1973,mm/d,"Victorian Water Monitoring (data.water.vic.gov.au), Station 230227",Creative Commons Attribution 4.0,Main Creek tributary of Maribyrnong at Kerrie; discharge from 1990.
